Content and Editorial,Social Media Management,Event Management and Publicity
Content and Editorial,Social Media Management,Event Management and Publicity
Content and Editorial,Creativity,Technical
Content and Editorial,Creativity,Event Management and Publicity
Content and Editorial,Event Management and Publicity,Technical
Content and Editorial,Social Media Management,Public Relations
Content and Editorial,Creativity,Event Management and Publicity
Content and Editorial,Creativity,Public Relations
Content and Editorial,Creativity,Technical
Content and Editorial,Creativity,Technical
Content and Editorial,Event Management and Publicity,Public Relations
Content and Editorial,Event Management and Publicity,Technical
Creativity,Technical,Event Management and Publicity
Creativity,Technical,Technical
Creativity,Content and Editorial,Social Media Management
Creativity,Creativity,Content and Editorial
Creativity,Public Relations,Event Management and Publicity
Creativity,Creativity,Creativity
Creativity,Technical,Design and Video
Creativity,Content and Editorial,Event Management and Publicity
Creativity,Event Management and Publicity,Public Relations
Creativity,Technical,Event Management and Publicity
Creativity,Event Management and Publicity,Technical
Design and Video,Social Media Management,Creativity
Design and Video,Social Media Management,Event Management and Publicity
Design and Video,Technical,Design and Video
Design and Video,Event Management and Publicity,Social Media Management
Design and Video,Event Management and Publicity,Public Relations
Design and Video,Event Management and Publicity,Social Media Management
Design and Video,Technical,Event Management and Publicity
Design and Video,Technical,Creativity
Design and Video,Event Management and Publicity,Technical
Design and Video,Photography,Event Management and Publicity
Design and Video,Content and Editorial,Event Management and Publicity
Event Management and Publicity,Creativity,Content and Editorial
Event Management and Publicity,Public Relations,Social Media Management
Event Management and Publicity,Content and Editorial,Public Relations
Event Management and Publicity,Public Relations,Public Relations
Event Management and Publicity,Event Management and Publicity,Event Management and Publicity
Event Management and Publicity,Creativity,Content and Editorial
Event Management and Publicity,Public Relations,Creativity
Event Management and Publicity,Social Media Management,Public Relations
Event Management and Publicity,Social Media Management,Public Relations
Event Management and Publicity,Content and Editorial,Creativity
Event Management and Publicity,Photography,Social Media Management
Event Management and Publicity,Public Relations,Content and Editorial
Event Management and Publicity,Creativity,Technical
Event Management and Publicity,Public Relations,Social Media Management
Event Management and Publicity,Creativity,Public Relations
Event Management and Publicity,Public Relations,Technical
Event Management and Publicity,Technical,Photography
Event Management and Publicity,Technical,Public Relations
Event Management and Publicity,Content and Editorial,Technical
Event Management and Publicity,Public Relations,Creativity
Event Management and Publicity,Social Media Management,Creativity
Event Management and Publicity,Creativity,Content and Editorial
Event Management and Publicity,Event Management and Publicity,Event Management and Publicity
Event Management and Publicity,Creativity,Content and Editorial
Event Management and Publicity,Creativity,Content and Editorial
Event Management and Publicity,Creativity,Content and Editorial
Event Management and Publicity,Social Media Management,Creativity
Event Management and Publicity,Public Relations,Technical
Event Management and Publicity,Content and Editorial,Creativity
Event Management and Publicity,Photography,Content and Editorial
Event Management and Publicity,Public Relations,Social Media Management
Event Management and Publicity,Public Relations,Social Media Management
Event Management and Publicity,Social Media Management,Public Relations
Event Management and Publicity,Public Relations,Social Media Management
Event Management and Publicity,Social Media Management,Event Management and Publicity
Event Management and Publicity,Photography,Content and Editorial
Event Management and Publicity,Public Relations,Social Media Management
Event Management and Publicity,Creativity,Event Management and Publicity
Event Management and Publicity,Design and Video,Social Media Management
Event Management and Publicity,Photography,Social Media Management
Photography,Content and Editorial,Creativity
Photography,Event Management and Publicity,Design and Video
Photography,Content and Editorial,Design and Video
Photography,Technical,Content and Editorial
Public Relations,Social Media Management,Creativity
Public Relations,Event Management and Publicity,Content and Editorial
Public Relations,Event Management and Publicity,Public Relations
Public Relations,Creativity,Event Management and Publicity
Public Relations,Technical,Social Media Management
Public Relations,Creativity,Event Management and Publicity
Social Media Management,Technical,Creativity
Social Media Management,Event Management and Publicity,Content and Editorial
Social Media Management,Public Relations,Event Management and Publicity
Social Media Management,Design and Video,Event Management and Publicity
Social Media Management,Public Relations,Event Management and Publicity
Social Media Management,Event Management and Publicity,Public Relations
Social Media Management,Event Management and Publicity,Public Relations
Social Media Management,Public Relations,Technical
Technical,Technical,Technical
Technical,Event Management and Publicity,Public Relations
Technical,Design and Video,Creativity
Technical,Technical,Technical
Technical,Social Media Management,Creativity
Technical,Social Media Management,Social Media Management
Technical,Creativity,Content and Editorial
Technical,Event Management and Publicity,Design and Video
Technical,Event Management and Publicity,Social Media Management
Technical,Creativity,Technical
Technical,Technical,Technical
Technical,Event Management and Publicity,Social Media Management
Technical,Event Management and Publicity,Creativity
Technical,Event Management and Publicity,Public Relations
Technical,Event Management and Publicity,Public Relations
Technical,Photography,Event Management and Publicity
Technical,Event Management and Publicity,Public Relations
Technical,Creativity,Social Media Management
Technical,Content and Editorial,Creativity
Technical,Event Management and Publicity,Content and Editorial
Technical,Design and Video,Creativity
Technical,Content and Editorial,Event Management and Publicity
Technical,Event Management and Publicity,Creativity
Technical,Content and Editorial,Design and Video
Technical,Technical,Technical
Technical,Event Management and Publicity,Social Media Management
